_NOM,_PRENOM,_ADRESSE,_AGE,_COURRIEL,_EDITEUR_RH,_DEPARTEMENT,_FONCTION,_LIEN,_PHONE,_PRIVILEGE,_DATE_RH,_ENTREPRISE
Nom0,Prenom0,"98 Rue Exemple, Ville0",27,user0@example.com,RH_B,RH,Analyste,http://intranet.example.com/profil0,+33650049040,Guest,2025-01-01,Delifruit
Nom1,Prenom1,"141 Rue Exemple, Ville1",41,user1@example.com,RH_A,IT,Analyste,http://intranet.example.com/profil1,+33673255760,User,2025-01-02,Delifruit
Nom2,Prenom2,"44 Rue Exemple, Ville2",26,user2@example.com,RH_C,IT,Développeur,http://intranet.example.com/profil2,+33678798759,Admin,2025-01-03,Delifruit
Nom3,Prenom3,"143 Rue Exemple, Ville3",48,user3@example.com,RH_A,RH,Assistant,http://intranet.example.com/profil3,+33694764735,Admin,2025-01-04,Delifruit
Nom4,Prenom4,"124 Rue Exemple, Ville4",24,user4@example.com,RH_B,Marketing,Analyste,http://intranet.example.com/profil4,+33647794584,User,2025-01-05,Delifruit
Nom5,Prenom5,"21 Rue Exemple, Ville5",21,user5@example.com,RH_B,RH,Assistant,http://intranet.example.com/profil5,+33674690953,User,2025-01-06,Delifruit
Nom6,Prenom6,"99 Rue Exemple, Ville6",39,user6@example.com,RH_A,IT,Développeur,http://intranet.example.com/profil6,+33679466798,User,2025-01-07,Delifruit
Nom7,Prenom7,"160 Rue Exemple, Ville7",33,user7@example.com,RH_A,IT,Assistant,http://intranet.example.com/profil7,+33629072040,User,2025-01-08,Delifruit
Nom8,Prenom8,"136 Rue Exemple, Ville8",44,user8@example.com,RH_A,IT,Manager,http://intranet.example.com/profil8,+33691818368,Guest,2025-01-09,Delifruit
Nom9,Prenom9,"168 Rue Exemple, Ville9",25,user9@example.com,RH_A,Finance,Développeur,http://intranet.example.com/profil9,+33661405242,Guest,2025-01-10,Delifruit
Nom10,Prenom10,"91 Rue Exemple, Ville10",42,user10@example.com,RH_C,RH,Assistant,http://intranet.example.com/profil10,+33667856558,Admin,2025-01-11,Delifruit
Nom11,Prenom11,"93 Rue Exemple, Ville11",58,user11@example.com,RH_C,Marketing,Manager,http://intranet.example.com/profil11,+33600389768,User,2025-01-12,Delifruit
Nom12,Prenom12,"164 Rue Exemple, Ville12",46,user12@example.com,RH_A,RH,Assistant,http://intranet.example.com/profil12,+33621580951,Guest,2025-01-13,Delifruit
Nom13,Prenom13,"169 Rue Exemple, Ville13",26,user13@example.com,RH_C,IT,Assistant,http://intranet.example.com/profil13,+33646615719,User,2025-01-14,Delifruit
Nom14,Prenom14,"140 Rue Exemple, Ville14",45,user14@example.com,RH_C,RH,Développeur,http://intranet.example.com/profil14,+33669169264,User,2025-01-15,Delifruit
Nom15,Prenom15,"41 Rue Exemple, Ville15",44,user15@example.com,RH_A,Marketing,Analyste,http://intranet.example.com/profil15,+33627445901,Guest,2025-01-16,Delifruit
Nom16,Prenom16,"65 Rue Exemple, Ville16",51,user16@example.com,RH_C,RH,Développeur,http://intranet.example.com/profil16,+33636666292,User,2025-01-17,Delifruit
Nom17,Prenom17,"28 Rue Exemple, Ville17",40,user17@example.com,RH_C,Finance,Développeur,http://intranet.example.com/profil17,+33634915325,Admin,2025-01-18,Delifruit
Nom18,Prenom18,"196 Rue Exemple, Ville18",56,user18@example.com,RH_B,IT,Analyste,http://intranet.example.com/profil18,+33685717108,Admin,2025-01-19,Delifruit
Nom19,Prenom19,"59 Rue Exemple, Ville19",34,user19@example.com,RH_A,Marketing,Développeur,http://intranet.example.com/profil19,+33629293534,Guest,2025-01-20,Delifruit
Nom20,Prenom20,"38 Rue Exemple, Ville20",44,user20@example.com,RH_C,IT,Assistant,http://intranet.example.com/profil20,+33627133085,Guest,2025-01-21,Delifruit
Nom21,Prenom21,"62 Rue Exemple, Ville21",57,user21@example.com,RH_C,Marketing,Assistant,http://intranet.example.com/profil21,+33648014816,Admin,2025-01-22,Delifruit
Nom22,Prenom22,"175 Rue Exemple, Ville22",60,user22@example.com,RH_B,Marketing,Analyste,http://intranet.example.com/profil22,+33617459031,Guest,2025-01-23,Delifruit
Nom23,Prenom23,"73 Rue Exemple, Ville23",27,user23@example.com,RH_C,RH,Manager,http://intranet.example.com/profil23,+33641733772,Admin,2025-01-24,Delifruit
Nom24,Prenom24,"177 Rue Exemple, Ville24",40,user24@example.com,RH_A,RH,Analyste,http://intranet.example.com/profil24,+33631409659,Admin,2025-01-25,Delifruit
Nom25,Prenom25,"67 Rue Exemple, Ville25",57,user25@example.com,RH_B,IT,Analyste,http://intranet.example.com/profil25,+33620898718,User,2025-01-26,Delifruit
Nom26,Prenom26,"48 Rue Exemple, Ville26",42,user26@example.com,RH_C,Finance,Développeur,http://intranet.example.com/profil26,+33621774043,Admin,2025-01-27,Delifruit
Nom27,Prenom27,"116 Rue Exemple, Ville27",45,user27@example.com,RH_C,Marketing,Analyste,http://intranet.example.com/profil27,+33692254003,Admin,2025-01-28,Delifruit
Nom28,Prenom28,"131 Rue Exemple, Ville28",36,user28@example.com,RH_B,Marketing,Assistant,http://intranet.example.com/profil28,+33658453446,Guest,2025-01-29,Delifruit
Nom29,Prenom29,"67 Rue Exemple, Ville29",40,user29@example.com,RH_A,RH,Analyste,http://intranet.example.com/profil29,+33601072216,User,2025-01-30,Delifruit
